{"cameraMode":{"drawMode":0,"name":"Shaded","section":"Shading Mode"},"sceneLighting":true,"audioPlay":false,"sceneViewState":{"m_AlwaysRefresh":false,"showFog":true,"showSkybox":true,"showFlares":true,"showImageEffects":true,"showParticleSystems":true,"showVisualEffectGraphs":true,"m_FxEnabled":true},"in2DMode":false,"pivot":{"x":20.966196060180665,"y":-114.12629699707031,"z":-77.16583251953125},"rotation":{"x":-0.5684731006622315,"y":0.017764750868082048,"z":-0.012279280461370945,"w":-0.8224182724952698},"size":10.316658020019532,"orthographic":false}