{"cameraMode":{"drawMode":0,"name":"Shaded","section":"Shading Mode"},"sceneLighting":true,"audioPlay":false,"sceneViewState":{"m_AlwaysRefresh":false,"showFog":true,"showSkybox":true,"showFlares":true,"showImageEffects":true,"showParticleSystems":true,"showVisualEffectGraphs":true,"m_FxEnabled":true},"in2DMode":false,"pivot":{"x":202.78695678710938,"y":152.57843017578126,"z":-446.3847351074219},"rotation":{"x":0.19419164955615998,"y":-0.23319442570209504,"z":-0.04758147895336151,"w":-0.9516635537147522},"size":0.8660253882408142,"orthographic":false}